night_market_id,city,night_market,longitude,latitude,Monday,Tuesday,Wednesday,Thursday,Friday,Saturday,Sunday,status
1,基隆市,廟口夜市,"121.74308830090091,121.74398920180181,121.74398920180181,121.74398920180181","25.128401200900903,25.128401200900903,25.129302101801805,25.130203002702707",0000–2359,0000–2359,0000–2359,0000–2359,0000–2359,0000–2359,0000–2359,
2,基隆市,八斗子夜市,121.7898128,25.14262098,,,,,,1700–0000,1700–0000,
3,基隆市,七堵夜市,121.7028501,25.0879382,1030–2330,1030–2330,1030–2330,1030–2330,1030–2330,1030–2330,1030–2330,
4,臺北市,士林夜市,"121.52459270180181,121.52549360270271,121.52459270180181,121.52549360270271,121.5236918009009,121.52459270180181,121.52549360270271,121.52639450360361,121.5236918009009","25.0869867009009,25.0869867009009,25.087887601801803,25.087887601801803,25.088788502702705,25.088788502702705,25.088788502702705,25.088788502702705,25.089689403603607",1600–0000,1600–0000,1600–0000,1600–0000,1600–0000,1600–0000,1600–0000,
5,臺北市,華西街夜市,121.4984114,25.0383906,1600–0000,1600–0000,1600–0000,1600–0000,1600–0000,1600–0000,1600–0000,
6,臺北市,艋舺夜市,121.5077083,25.0327077,1630–0400,1630–0400,1630–0400,1630–0400,1630–0400,1630–0400,1630–0400,
7,臺北市,饒河街觀光夜市,"121.5760415036036,121.5769424045045","25.050974700900902,25.050974700900902",1700–0000,1700–0000,1700–0000,1700–0000,1700–0000,1700–0000,1700–0000,
8,臺北市,南機場觀光夜市,135.1711969,34.2312602,1700–0000,1700–0000,1700–0000,1700–0000,1700–0000,1700–0000,1700–0000,
9,臺北市,臨江街觀光夜市,121.5543785,25.0301924,1800–0000,1800–0000,1800–0000,1800–0000,1800–0000,1800–0000,1800–0000,
10,臺北市,公館夜市,121.5349935,25.0131399,1500–2345,1500–2345,1500–2345,1500–2345,1500–2345,1500–2345,1500–2345,
11,臺北市,寧夏夜市,121.5150721,25.05547952,1730–0000,1730–0000,1730–0000,1730–0000,1730–0000,1730–0000,1730–0000,
12,臺北市,師大夜市,121.529142,25.0241559,1800–0000,1800–0000,1800–0000,1800–0000,1800–0000,1800–0000,1800–0000,
13,臺北市,延三夜市,121.5111601,25.0643684,1800–0000,1800–0000,1800–0000,1800–0000,1800–0000,1800–0000,1800–0000,
14,臺北市,景美夜市,121.5416987,24.9906941,1600–0000,1600–0000,1600–0000,1600–0000,1600–0000,1600–0000,1600–0000,
15,臺北市,大龍街夜市,118.1605646,39.6683135,1600–0000,1600–0000,1600–0000,1600–0000,1600–0000,1600–0000,1600–0000,
16,臺北市,雙城街夜市,121.52436,25.0642926,1800–0000,1800–0000,1800–0000,1800–0000,1800–0000,1800–0000,1800–0000,
17,臺北市,遼寧街夜市,121.5421508,25.04963777,1700–0000,1700–0000,1700–0000,1700–0000,1700–0000,1700–0000,1700–0000,
18,臺北市,石牌夜市,121.4991441,25.1251553,1700–0000,1700–0000,1700–0000,1700–0000,1700–0000,1700–0000,1700–0000,
19,臺北市,林口街夜市,121.5762,25.0383,1700–0000,1700–0000,1700–0000,1700–0000,1700–0000,1700–0000,1700–0000,
20,臺北市,737夜市,,,1700–0000,1700–0000,1700–0000,1700–0000,1700–0000,1700–0000,1700–0000,
21,臺北市,社子夜市,120.2446,23.1613,1700–0000,1700–0000,1700–0000,1700–0000,1700–0000,1700–0000,1700–0000,
22,新北市,四腳亭吉安宮夜市,,,1700–2300,,,1700–2300,,,,
23,新北市,樂華夜市,121.5118696,25.0084066,1600–0000,1600–0000,1600–0000,1600–0000,1600–0000,1600–0000,1600–0000,
24,新北市,湳雅夜市,121.4556312,25.0068139,1700–0000,1700–0000,1700–0000,1700–0000,1700–0000,1700–0000,1700–0000,
25,新北市,裕民夜市,139.5459571,35.7516275,1700–2300,1700–2300,1700–2300,1700–2300,1700–2300,1700–2300,1700–2300,
26,新北市,樹林興仁花園夜市,121.4161795,25.0026813,,,1700–0000,,1700–0000,1700–0000,1700–0000,
27,新北市,三和夜市,121.5006067,25.0653196,1700–0000,1700–0000,1700–0000,1700–0000,1700–0000,1700–0000,1700–0000,
28,新北市,中和興南夜市,136.1313502,34.7669394,1730–0000,1730–0000,1730–0000,1730–0000,1730–0000,1730–0000,1730–0000,
29,新北市,新莊廟街夜市,116.6437786,40.3117268,1600–0000,1600–0000,1600–0000,1600–0000,1600–0000,1600–0000,1600–0000,
30,新北市,西盛夜市,121.5265155,25.0617278,,,,,1700–2300,,,
31,新北市,蘆洲廟口夜市,135.7680436,35.0119867,1700–2300,1700–2300,1700–2300,1700–2300,1700–2300,1700–2300,1700–2300,
32,新北市,淡水英專夜市,,,0900–2200,0900–2200,0900–2200,0900–2200,0900–2200,0900–2200,0900–2200,
33,新北市,集應廟夜市,135.7454449,35.0191155,,,1600–2200,,,,1600–2200,
34,新北市,淡水沙崙夜市,,,,,,,1700–2300,,1700–2300,
35,新北市,三芝夜市,136.6973431,35.0672635,,,,,,1700–2200,,
36,新北市,鶯歌夜市,135.169547,34.24038,,,,,,1700–2300,,
37,新北市,鶯歌龍鳳夜市,121.3328145,24.97322322,,1700–2300,,,1700–2300,1700–2300,1700–2300,
38,新北市,林口夜市,121.3872538,25.0805385,,,1700–2330,,,,1700–2330,
39,新北市,八里廖添丁廟夜市,,,,,,,,1700–2200,,
40,新北市,西雲路夜市,135.7139887,34.9934699,,,1530–2230,,,,,
41,新北市,御史路夜市,113.1122553,30.561509,,,,,,1730–2300,,
42,桃園市,桃園觀光夜市,"121.30779450180181,121.30779450180181","25.0029049009009,25.003805801801803",1700–0000,1700–0000,1700–0000,1700–0000,1700–0000,1700–0000,1700–0000,
43,桃園市,中壢觀光夜市,121.2166787,24.9617423,1700–0000,1700–0000,1700–0000,1700–0000,1700–0000,1700–0000,1700–0000,
44,桃園市,中原夜市,121.2395885,24.95486,1600–0000,1600–0000,1600–0000,1600–0000,1600–0000,1600–0000,1600–0000,
45,桃園市,興仁花園夜市,117.1651398,31.7437548,,1700–0000,,,1700–0000,1700–0000,1700–0000,
46,桃園市,南崁五福夜市,,,,1730–2300,,,1730–2300,1730–2300,,
47,桃園市,大竹夜市,121.2641043,25.0218157,1700–2200,,,1700–2200,,,,
48,桃園市,楊梅觀光夜市,121.1363179,24.89373875,,,,,1700–2300,,,
49,桃園市,埔心後站夜市,117.2452463,31.7441436,,,1700–2300,,,1700–2300,,
50,桃園市,大溪夜市,121.0389322,25.0192056,,,,1700–2130,,,,
51,桃園市,大園夜市,121.1919877,25.0612325,,,,,1700–0000,,1700–0000,
52,桃園市,菓林夜市,121.2589983,25.0737714,,,,1700–2300,,1700–2300,,
53,桃園市,新坡夜市,121.0819598,24.9562409,1700–2300,,,,,1700–2300,,
54,桃園市,新屋夜市,121.0819598,24.9562409,,,,,,,1700–2300,
55,桃園市,草漯夜市,121.1356117,25.0448604,,1700–2300,,1700–2300,,,,
56,桃園市,觀音夜市,121.0546909,25.0338589,,,,1700–2300,,,,
57,桃園市,富岡夜市,121.080924,24.9378147,,,,,,1700–2300,,
58,桃園市,山腳夜市,121.1731184,25.0161451,,,1700–2300,,,,,
59,桃園市,復興夜市,135.7707951,34.9324937,1700–2200,,,,,,,
60,桃園市,金山夜市,,,,1600–0000,,,,1600–0000,,
61,桃園市,深坑慈聖夜市,,,,1800–2300,,,1800–2300,,,
62,桃園市,五股工業區夜市,,,,1630–2200,,,,,,
63,桃園市,汐止觀光夜市,,,1700–2300,1700–2300,1700–2300,1700–2300,1700–2300,1700–2300,1700–2300,
64,桃園市,汐止樟樹夜市,,,,,1700–2300,,1700–2300,,1700–2300,
65,桃園市,汐止弘道街夜市,,,,1700–2300,,,1700–2300,,,
66,桃園市,長興街福德祠夜市,,,,,,1700–2100,,,,
67,桃園市,貢寮澳底夜市,,,1700–2130,,,,1700–2130,,,
68,新竹市,城隍廟夜市,135.7685522,35.0104435,1100–2100,1100–2100,1100–2100,1100–2100,1100–2100,1100–2100,1100–2100,
69,新竹市,清大夜市,120.9975318,24.7984641,1100–2300,1100–2300,1100–2300,1100–2300,1100–2300,1100–2300,1100–2300,
70,新竹市,後站夜市,120.9742215,24.8009238,,1700–2300,,1700–2300,,,,
71,新竹市,青草湖夜市,114.8196897,30.7096956,,,1800–2300,,,,,
72,新竹市,內湖夜市,120.9082092,24.7438208,1800–2300,,,1800–2300,,,,
73,新竹市,中正台夜市,120.9680255,24.80335783,1300–2200,1300–2200,1300–2200,1300–2200,1300–2200,1300–2200,1300–2200,
74,新竹市,樹林頭夜市,135.7583661,35.0041208,,,,,,,,停止營業
75,新竹縣,竹北夜市,120.9942924,24.8393227,,1700–2300,,,1700–2300,1700–2300,1700–2300,
76,新竹縣,竹東沿河街夜市,140.0499519,36.9707659,,,,,,1800–2300,,
77,新竹縣,竹東二重埔夜市,121.0573887,24.7648369,,,,1730–2300,,,,
78,新竹縣,湖口夜市,121.0492902,24.9034844,,,,1730–2300,,,,
79,新竹縣,關西夜市,121.1783661,24.7830105,,1730–2130,,,,,,
80,新竹縣,新庄子夜市,120.9847052,24.901768,,,,,1730–2230,,,
81,新竹縣,新豐夜市,120.995921,24.86982571,1800–2300,,,,,,,
82,新竹縣,新埔夜市,121.0811585,24.8243546,,,1730–2300,,,,,
83,新竹縣,北埔夜市,135.7580328,34.950237,,,,,1730–2200,,,
84,新竹縣,竹中夜市,121.0322743,24.7810026,1730–2200,,,,,,,
85,宜蘭縣,羅東夜市,121.7687691,24.67628607,1700–0000,1700–0000,1700–0000,1700–0000,1700–0000,1700–0000,1700–0000,
86,宜蘭縣,東門觀光夜市,,,1700–0000,1700–0000,1700–0000,1700–0000,1700–0000,1700–0000,1700–0000,
87,宜蘭縣,冬山夜市,119.1882451,36.6310901,,,,,,1800–2200,,
88,宜蘭縣,清溝夜市,121.7609301,24.6640079,,,1800–2300,,,,,
89,宜蘭縣,員山夜市,113.3726326,33.6149488,,,,1730–2230,,,,
90,宜蘭縣,馬賽夜市,,,,,,,,1830–2130,,
91,宜蘭縣,頭城夜市,121.8460564,24.9383088,,,,,1730–2230,,,
92,宜蘭縣,三星夜市,,,,,,,1730–2200,,,
93,宜蘭縣,蘇澳夜市,,,,,,,,,1730–2200,
94,宜蘭縣,礁溪溫泉夜市,,,,,,,,,1700–2200,
95,宜蘭縣,南方澳夜市,,,1700–2200,,,,,,,
96,宜蘭縣,南澳夜市,135.6988355,35.0150579,,1700–2200,,,,,,
97,苗栗縣,苗栗英才觀光夜市,,,,,1700–0000,,1700–0000,1700–0000,,
98,苗栗縣,頭份建國夜市,,,,1700–2300,,,,,,
99,苗栗縣,苑裡夜市,120.6525927,24.4399301,,,,,,1700–2300,,
100,苗栗縣,後龍夜市,116.6260859,40.3168931,,,,1700–2300,,,,
101,苗栗縣,公館夜市,121.5349935,25.0131399,,1700–2300,,,1700–2300,,,
102,苗栗縣,通霄夜市,135.7546227,35.0317737,,,,,1700–2300,,,
103,苗栗縣,銅鑼夜市,,,1700–2300,,,,,,,
104,苗栗縣,三義夜市,,,,,1700–2300,,,,,
105,苗栗縣,卓蘭夜市,,,,,,,1700–2300,,,
106,苗栗縣,國泰夜市,120.8765901,24.67772582,,,,,,1700–2300,,
107,苗栗縣,中港夜市,134.8279641,35.5376246,,,1700–2200,,,,,
108,苗栗縣,建國路龍鳳夜市,,,,1600–2300,,,,,,
109,苗栗縣,頭份尚順夜市,,,,,,,,1600–2200,,
110,苗栗縣,苑裡29夜市,,,,,,,,,,不定期
111,苗栗縣,大湖夜市,140.1116252,37.5634324,,,,1800–2200,,,,
112,臺中市,逢甲夜市,"120.6456170009009,120.6465179018018,120.6465179018018","24.176046800900902,24.177848602702706,24.17874950360361",1300–0100,1300–0100,1300–0100,1300–0100,1300–0100,1300–0100,1300–0100,
113,臺中市,一中商圈,120.6868634,24.1537456,1100–2200,1100–2200,1100–2200,1100–2200,1100–2200,1100–2200,2300,
114,臺中市,中華路夜市,120.7193906,24.0950436,1600–0400,1600–0400,1600–0400,1600–0400,1600–0400,1600–0400,1600–0400,
115,臺中市,忠孝路夜市,141.5426142,42.9645281,1500–2300,1500–2300,1500–2300,1500–2300,1500–2300,1500–2300,1500–2300,
116,臺中市,東海別墅夜市,120.5906076,24.1815909,0100–2359,0100–2359,0100–2359,0100–2359,0100–2359,0100–2359,0100–2359,
117,臺中市,霧峰樹仁商圈,135.756531,35.0248186,0100–2359,0100–2359,0100–2359,0100–2359,0100–2359,0100–2359,0100–2359,
118,臺中市,豐原廟東夜市,120.7193177,24.25113156,1000–2300,1000–2300,1000–2300,1000–2300,1000–2300,1000–2300,1000–2300,
119,臺中市,太平臺中小鎮夜市,140.1962509,39.7308886,1630–0000,1630–0000,1630–0000,1630–0000,1630–0000,1630–0000,1630–0000,
120,臺中市,大甲蔣公路夜市,135.1857931,34.230092,0000–2359,0000–2359,0000–2359,0000–2359,0000–2359,0000–2359,0000–2359,
121,臺中市,SOGO停車場夜市,,,1100–2200,1100–2200,1100–2200,1100–2200,1100–2200,1100–2200,1100–2200,
122,臺中市,潭子勝利夜市,120.6980421,24.2161154,1700–2300,,,1700–2300,,1700–2300,,
123,臺中市,大雅夜市,139.7556153,35.932811,,,1730–2330,,1730–2330,1730–2330,1730–2330,
124,臺中市,葫蘆墩觀光夜市,,,,,1700–0000,,1700–0000,1700–0000,1700–0000,
125,臺中市,潭子頭家夜市,135.7545942,35.0194661,,1700–2200,,,1700–2200,,,
126,臺中市,八方國際觀光夜市,,,,,1700–0000,,1700–0000,1700–0000,1700–0000,
127,臺中市,大里勝利大夜市,120.6858481,24.10111412,1700–2300,,,1700–2300,,,,
128,臺中市,大里塗城夜市,135.7605017,34.9383131,,,1800–2200,,,1800–2200,,
129,臺中市,大肚夜市,120.5452483,24.15534984,,,,,,,1700–2300,
130,臺中市,梧棲夜市,120.5301128,24.2478949,,1700–2300,,,1700–2300,,,
131,臺中市,亞洲大學夜市,135.767579,35.01203,,1600–2200,,,,,,
132,臺中市,霧峰德泰街夜市,135.7599719,34.934125,,1600–0000,,,1600–0000,,,
133,臺中市,霧峰四德路夜市,,,,,,1700–2200,,,,
134,臺中市,福順宮夜市,135.7574052,34.9994257,,,,1700–2300,,,,
135,臺中市,大里文化街夜市,135.748704,35.025019,,,1800–2200,,,1800–2200,,
136,臺中市,靜宜夜市,119.8584448,32.3075876,1800–0030,,1800–0030,1800–0030,,,,
137,臺中市,大甲夜市,135.2877517,34.7348485,,1630–2230,,1630–2230,,,,
138,臺中市,四張犁夜市,120.6794037,24.1943689,,,,,,,1700–2300,
139,臺中市,捷運總站夜市,,,1700–0000,,1700–0000,,1700–0000,1700–0000,1700–0000,
140,臺中市,清水五權夜市,120.5679204,24.276644,,,1700–0000,,1700–0000,1700–0000,1700–0000,
141,臺中市,靜宜夜市,119.8584448,32.3075876,1800–0030,,1800–0030,1800–0030,,,,
142,臺中市,梧棲中港觀光夜市,120.5449052,24.24353684,,1600–0100,,1600–0100,1600–0100,1600–0100,,
143,臺中市,后里夜市,120.7242034,24.3082055,,,1700–2300,,,,,
144,臺中市,外埔夜市,130.2851026,33.2160914,,1700–2300,,,1700–2300,,,
145,臺中市,東勢夜市,120.6943244,24.1378873,,,,1700–2300,,,1700–2300,
146,臺中市,旱溪夜市,120.7009401,24.13369701,,1700–0000,,1700–0000,1700–0000,1700–0000,,
147,臺中市,太平東平夜市,136.8704723,35.1255385,1800–2300,,1800–2300,,,1800–2300,,
148,臺中市,大慶觀光夜市,116.6247085,40.3240424,,,1700–0000,,1700–0000,1700–0000,1700–0000,
149,臺中市,大肚山龍井自強夜市,,,,,1600–2300,,,1600–2300,,
150,臺中市,龍井茄投夜市,135.7467337,35.0315096,,,1650–2150,,,1650–2150,,
151,臺中市,龍井龍津夜市,135.7588841,35.0114342,1700–2330,,,,,,,
152,臺中市,神岡夜市,113.8991314,22.533095,,1730–2330,,,,,,
153,臺中市,沙鹿鹿峰夜市,135.1725587,34.2254594,,,,,,,,停止營業
154,彰化縣,彰化精誠夜市,,,,,1800–0100,,1800–0100,1800–0100,1800–0100,
155,彰化縣,彰化冠天夜市,129.8756182,32.7417799,,,,,,,1700–2300,
156,彰化縣,彰化中央陸橋夜市,,,,,,,1600–2100,,,
157,彰化縣,和美仁愛夜市,,,,1700–2200,,1700–2200,,,,
158,彰化縣,和美東發夜市,,,,,,1700–2300,,,,
159,彰化縣,和美美寮路夜市,,,,,,,,1700–2300,,
160,彰化縣,鹿港鹿和夜市,120.4406125,24.060388,,1700–2300,,1700–2300,,,1700–2300,
161,彰化縣,鹿港頂番夜市,,,,,,,1700–2300,,,
162,彰化縣,鹿港草港夜市,,,,,,1700–2300,,,,
163,彰化縣,福興夜市,115.0843703,40.5827917,1700–2300,,1700–2300,,,,,
164,彰化縣,線西夜市,109.8491908,36.6869274,1700–2300,,,,,,,
165,彰化縣,伸港水尾夜市,135.7820973,34.9987179,,,1700–2300,,,,,
166,彰化縣,伸港福安宮夜市,135.7820973,34.9987179,,,,,1700–2300,,,
167,彰化縣,秀水夜市,120.5076333,24.03848467,,,1700–2300,,,1700–2300,,
168,彰化縣,芬園社口夜市,116.6318577,40.3154721,1700–2300,,,,,,,
169,彰化縣,員林龍燈夜市,135.7658791,34.9948753,,1700–0000,,,1700–0000,1700–0000,1700–0000,
170,彰化縣,永靖觀光夜市,135.753443,35.017507,1700–2300,,,,,,,
171,彰化縣,大村夜市,120.5448298,23.99183172,1700–2300,,,,,,,
172,彰化縣,員林大圓林觀光夜市,135.7658791,34.9948753,,,1700–0000,,,,1700–0000,
173,彰化縣,員林林厝夜市,,,,,1700–2300,,,,1700–2300,
174,彰化縣,花壇夜市,120.5426629,24.0281506,,,1700–2300,,,,,
175,彰化縣,北斗觀光夜市,,,,,,,,1700–0000,,
176,彰化縣,溪州夜市,,,1700–2230,,,,,,,
177,彰化縣,芳苑草湖夜市,,,1700–2200,,,,,,,
178,彰化縣,田中夜市,130.3974023,33.5392017,1700–2300,,,1700–2300,,,,
179,彰化縣,田中高鐵夜市,120.5710877,23.87496884,,,,,1700–2300,,,
180,彰化縣,二水夜市,,,,,1700–2200,,,,,
181,彰化縣,田尾夜市,135.1862805,34.6938981,,,1700–2300,,,,1700–2300,
182,彰化縣,二林王子夜市,,,,,1700–2300,,,1700–2300,,
183,彰化縣,二林金仔角觀光夜市,,,,,1700–2300,,,,,
184,彰化縣,埔鹽夜市,,,,1700–2300,,,1700–2300,,,
185,彰化縣,埔鹽新水夜市,,,,,,,,1800–2230,,
186,彰化縣,埔鹽天盛夜市,,,,,1700–2300,,,,,
187,彰化縣,溪湖夜市,120.8401672,29.1420415,,1700–0000,,1700–0000,,1700–0000,1700–0000,
188,彰化縣,埤頭夜市,,,,,,1700–2300,,1700–2300,,
189,彰化縣,溪湖忠溪夜市,129.8753701,32.7416707,,1700–2300,,,,1700–2300,,
190,彰化縣,溪湖大公路夜市,,,,,1700–2300,,,,,
191,彰化縣,社頭芭樂市場夜市,,,,1700–2330,,,,1700–2330,,
192,彰化縣,田中鐵支路觀光夜市,,,1700–2300,,,,1700–2300,,,
193,彰化縣,田尾海豐崙夜市,,,,,,,,1700–0000,1700–0000,
194,彰化縣,埤頭星期四六夜市,,,,,,1800–2300,,1800–2300,,
195,彰化縣,芳苑王功夜市,135.6692888,35.0230217,,,1800–2200,,,,,
196,彰化縣,竹塘夜市,135.752032,35.034969,,,,1700–0000,,,,
197,彰化縣,大城夜市,108.3796113,21.7833332,,,,,,,1600–2100,
198,彰化縣,埤頭星期三夜市,,,,,1600–2300,,,,,
199,南投縣,草鞋墩人文觀光夜市,120.6870563,23.9884037,,1730–2300,,,1730–2300,1730–2300,1730–2300,
200,南投縣,南投市家樂福夜市,,,,,1730–2230,,,,,
201,南投縣,南崗夜市,117.2061732,36.6575628,,,,1700–0000,,,,
202,南投縣,南投祖祠路夜市,,,,,,,,,1700–2300,
203,南投縣,埔里城觀光夜市,,,,,,,1730–0000,1730–0000,1730–0000,
204,南投縣,國姓夜市,118.3879959,28.5721311,,,,,,,1700–2130,
205,南投縣,名間夜市,135.6782716,35.0183507,,,,,,1700–2200,,
206,南投縣,埔里樹人夜市,120.9742704,23.95982828,,,1800–0000,,,,,
207,南投縣,中興新村內轆夜市,135.7520663,35.0249488,,,,,,1730–2200,,
208,南投縣,松柏嶺夜市,120.6327431,23.83524923,,,,,1700–2200,,,
209,南投縣,鹿谷夜市,117.2975002,36.6833229,,,1730–2200,,1730–2200,,,
210,南投縣,竹山夜市,135.6817625,35.0184912,,,,1630–0000,,,,
211,南投縣,集集夜市,117.3253053,36.7059082,,1730–0000,,,,1730–0000,,
212,南投縣,水里夜市,,,,,,1630–2200,,,1630–2200,
213,南投縣,魚池夜市,135.759932,35.011004,,1700–2200,,,,,,
214,南投縣,中寮夜市,114.7434255,22.6788405,,1700–2300,,,,,,
215,雲林縣,斗六觀光夜市,120.5439553,23.6963399,,1700–0000,,,,1700–0000,1700–0000,
216,雲林縣,斗六成功夜市,,,,,1700–0000,,,1700–0000,,
217,雲林縣,斗六石榴班夜市,,,,,,1700–0000,,,,
218,雲林縣,大崙夜市,,,1700–2130。,1700–2130。,1700–2130。,1700–2130。,1700–2130。,1700–2130。,1700–2130。,
219,雲林縣,虎尾夜市,120.4285761,23.7155668,,,1700–0100,,1700–0100,,,
220,雲林縣,土庫夜市,120.3941072,23.67753356,1700–2200,,,,,,,
221,雲林縣,馬光夜市,,,,,1700–2230,,,,,
222,雲林縣,同仁夜市,120.293817,23.575529,,,0500–1130,,,0500–1130,,
223,雲林縣,東南夜市,136.875765,35.31071,,,,,,,1700–2330,
224,雲林縣,吳厝夜市,,,,,,1630–2130,,,,
225,雲林縣,斗南夜市,120.468793,23.677861,,,,,,1700–0000,,
226,雲林縣,石龜夜市,117.2066955,31.7528528,,1800–2300,,,,,,
227,雲林縣,林內夜市,134.1520832,35.0012097,,1700–2230,,,,,,
228,雲林縣,古坑夜市,,,,,1630–2130,,,,,
229,雲林縣,大埤夜市,120.4345503,23.64256079,,1630–2030,,,,,,
230,雲林縣,莿桐夜市,135.7575588,35.0034069,,,,,1700–2300,,,
231,雲林縣,崙背夜市,,,,1701–2301,,,1701–2301,,,
232,雲林縣,二崙夜市,,,,,1700–2230,,,1700–2230,,
233,雲林縣,麥寮泰安宮夜市,,,1700–2300,,,,,1700–2300,,
234,雲林縣,麥寮鎮南宮夜市,,,,,,1700–0000,,,,
235,雲林縣,褒忠夜市,132.764782,35.369493,,,,1700–2300,,,,
236,雲林縣,下崙夜市,,,,,1700–2300,,,,,
237,雲林縣,台西夜市,120.4769371,23.6934202,,,,,,1700–2050,,
238,雲林縣,崙豐夜市,,,,,,,,,1640–2200,
239,雲林縣,東勢夜市,139.1807106,35.7101972,,1700–2300,,,1700–2300,,,
240,雲林縣,四湖夜市,,,1700–2300,,,,,1700–2300,,
241,雲林縣,元長夜市,135.1493413,34.6538947,,1700–2300,,,,,,
242,雲林縣,同仁夜市,120.293817,23.575529,,,1700–2330,,,1700–2330,,
243,嘉義市,文化路夜市,136.314941,36.302802,,,,,,,1530–2330,
244,嘉義市,嘉樂福觀光夜市,120.43119,23.47165,,,,1800–0000,1800–0000,1800–0000,1800–0000,
245,嘉義市,彌陀夜市,120.4661585,23.46481265,,,1700–2300,,1700–2300,,,
246,嘉義市,湖美夜市,135.197347,34.6865286,,1700–0200,1700–0200,,1700–0200,1700–0200,,
247,嘉義縣,新塭夜市,119.1855042,36.6974143,,,,,,1730–2130,,
248,嘉義縣,布袋夜市,120.3190743,23.2057197,,,,,,,1700–0000,
249,嘉義縣,過溝夜市,132.806823,33.844945,,,,,,1500–2200,,
250,嘉義縣,東石夜市,119.1855042,36.6974143,,,,,1700–2300,,,
251,嘉義縣,蒜頭夜市,,,,1700–2230,,,,,,
252,嘉義縣,義竹夜市,120.5065085,23.5239997,,1700–2230,,,,,,
253,嘉義縣,鹿草夜市,,,,,1700–2230,,,,,
254,嘉義縣,朴子夜市,120.2467932,23.4407822,,,,,,1700–2300,,
255,嘉義縣,七主宮夜市,,,,1700–0000,,1700–0000,,,,
256,嘉義縣,後潭夜市,,,,,,,1730–2200,,,
257,嘉義縣,新埤夜市,,,,,1630–2030,,,,,
258,嘉義縣,麻魚寮夜市,,,,,,1700–2200,,1700–2200,1700–2200,
259,嘉義縣,水牛厝夜市,,,,,,,1700–2200,,,
260,嘉義縣,新港夜市,115.7252561,28.6350508,,,,1730–2300,,,,
261,嘉義縣,民雄夜市,,,,,,1730–2330,,,,
262,嘉義縣,頭橋夜市,120.4925538,23.5161994,,1700–2200,,,,,,
263,嘉義縣,溪口夜市,140.3134515,35.7778443,,,,1700–2300,,,,
264,嘉義縣,大林夜市,120.4619068,23.6050954,1700–2200,,,,,,,
265,嘉義縣,大埔美夜市,,,,,,1700–2300,,,,
266,嘉義縣,竹崎夜市,133.258919,35.4742423,,,1700–2200,,,1700–2200,,
267,嘉義縣,梅山夜市,127.745144,26.2737409,,,,,,,1700–2230,
268,嘉義縣,水上夜市,120.4023258,23.42753694,,,,,,,1800–2230,
269,嘉義縣,中庄夜市,136.7324427,35.4155234,,,,,,1700–2230,,
270,嘉義縣,汴頭夜市,135.7621658,34.795375,1700–2230,,,,,,,
271,嘉義縣,同仁夜市,136.37427,36.251448,,,,,,1700–2230,,
272,嘉義縣,番路夜市,119.2183496,36.6966288,,,,,1700–2230,,,
273,嘉義縣,大布袋夜市,,,,,,,,,1700–0000,
274,臺南市,花園夜市,120.1998138,23.0104631,,,,1700–0000,1700–0000,1700–0000,1700–0000,
275,臺南市,大東夜市,120.2192399,22.98261109,1800–0100,1800–0100,,,1800–0100,,,
276,臺南市,武聖夜市,120.1909754,23.0045184,,,1700–0000,,1700–0000,1700–0000,,
277,臺南市,小北觀光夜市,120.2060684,23.008205,1400–0000,1400–0000,1400–0000,1400–0000,1400–0000,1400–0000,1400–0000,
278,臺南市,小北成功夜市,120.2082196,23.0113995,,1700–0000,,,1700–0000,,,
279,臺南市,仁和夜市,135.7344006,35.0239427,。,,,,,,,
280,臺南市,灣裡夜市,120.2835895,23.1009927,,,1730–0000,,,1730–0000,,
281,臺南市,新永華夜市,120.1741356,22.98920011,,,,1800–0000,,,1800–0000,
282,臺南市,十二佃夜市,,,1700–2230,,,,,,,
283,臺南市,本淵寮夜市,139.9601125,35.8471947,,,,,1700–2300,,,
284,臺南市,中州寮夜市,,,,1700–2300,,,,1700–2300,,
285,臺南市,土城聖母廟夜市,135.7641954,35.0155134,,,,1730–0000,,1730–0000,,
286,臺南市,國宅夜市,135.7619737,35.0003076,,,,,,,1700–2230,
287,臺南市,樺谷夜市,120.1940025,23.02656857,,,,,,,1700–2300,
288,臺南市,新同安夜市,120.1741356,22.98920011,,1700–2330,,,1700–2330,,,
289,臺南市,永大夜市,120.2629789,23.01896761,1700–0000,,,1700–0000,,1700–0000,1700–0000,
290,臺南市,南工小夜市,120.2343686,23.0144529,1730–0000,1730–0000,1730–0000,1730–0000,1730–0000,1730–0000,1730–0000,
291,臺南市,鹽行夜市,120.2357061,23.04227204,1700–0000,,,,,,,
292,臺南市,中興里夜市,120.3195524,23.3042355,1700–2300,,,,,,,
293,臺南市,復華夜市,120.2455687,23.0094007,,,,,1730–0000,,,
294,臺南市,聖龍夜市,120.2536229,22.9793385,,,1700–2130,,,,,
295,臺南市,大灣夜市,120.2629789,23.01896761,,,,,,,1700–2300,
296,臺南市,鍾厝夜市,120.2399052,23.1488318,,1700–2300,,,,,,
297,臺南市,德南夜市,120.3195524,23.3042355,,,1600–2200,,,1600–2200,,
298,臺南市,太子廟夜市,135.6391016,34.5178485,,,,,1700–2200,,,
299,臺南市,大潭夜市,120.2629789,23.01896761,,1700–2230,,,,,,
300,臺南市,鍾厝夜市,120.2399052,23.1488318,,1700–2300,,,,,,
301,臺南市,德南夜市,120.3195524,23.3042355,,,1600–2200,,,1600–2200,,
302,臺南市,太子廟夜市,135.6391016,34.5178485,,,,,1700–2200,,,
303,臺南市,歸仁星期三夜市,,,,,1700–2200,,,,,
304,臺南市,歸仁星期四夜市,,,,,,1800–2100,,,,
305,臺南市,關廟夜市,135.7641954,35.0155134,1600–2230,,,,1600–2230,,,
306,臺南市,新市夜市,120.1741356,22.98920011,,,,,,,1700–2330,
307,臺南市,善化夜市,120.2978819,23.12790326,,1730–2300,,,1730–2300,,1730–2300,
308,臺南市,新化夜市,120.1741356,22.98920011,,1700–2300,,,,,,
309,臺南市,民生夜市,120.2784622,23.0854766,,,,1700–2200,,,1700–2200,
310,臺南市,麻豆夜市,120.2457676,23.18436491,1730–2300,,,,,,,
311,臺南市,安西夜市,120.2446,23.1613,,,1700–2300,,,1700–2300,,
312,臺南市,仁愛夜市,121.3649804,25.0832804,,1700–2300,,,1700–2300,,,
313,臺南市,學甲夜市,119.114203,32.2071786,,,1700–2200,,,,,
314,臺南市,隆田夜市,140.0460025,35.7076941,,,,,,1700–2200,,
315,臺南市,六甲夜市,135.2371691,34.7266392,,,,,1700–2300,,,
316,臺南市,下營夜市,135.7597884,34.9906921,,,,1700–2200,,,,
317,臺南市,中營夜市,120.3195524,23.3042355,,,,,,1700–2200,,
318,臺南市,西港夜市,115.7280734,28.6402237,,1730–2200,,,1730–2200,,,
319,臺南市,安定夜市,135.7597023,34.9348097,,,1700–2230,,,,,
320,臺南市,海寮夜市,139.3246108,35.653142,,,,,,,1700–2200,
321,臺南市,佳里夜市,120.2986855,23.2977005,,,,1700–2300,,,,
322,臺南市,新營中華路夜市,120.1741356,22.98920011,1700–2330,,,1700–2330,,,,
323,臺南市,新進夜市,120.1741356,22.98920011,,,,1700–2300,,,1700–2300,
324,臺南市,鹽水夜市,141.1388278,39.1230245,,,1730–2230,,,,,
325,臺南市,長安夜市,121.5279078,25.0511959,,1700–2230,,,,,,
326,臺南市,白河夜市,120.4126154,23.3513045,,,,,,,1700–2200,
327,臺南市,白河中正夜市,135.7582354,35.0040166,,,,1700–2200,,,,
328,臺南市,柳營夜市,120.3083991,23.2791127,1700–2230,,,,,,,
329,臺南市,小腳腿夜市,,,1700–2200,,,,,,,
330,臺南市,果毅後夜市,117.2327447,31.8147883,,,1700–2200,,,,,
331,臺南市,東山夜市,120.2192399,22.98261109,1700–2230,,,1700–2230,,,,
332,臺南市,龍山夜市,117.2327447,31.8147883,,,1700–2130,,,,,
333,臺南市,南化夜市,120.2835895,23.1009927,,1700–2200,,,,,,
334,臺南市,楠西夜市,115.7280734,28.6402237,,,,,1700–2200,,,
335,臺南市,玉井夜市,119.114203,32.2071786,,,1600–2300,,,1600–2300,,
336,臺南市,山上夜市,117.2327447,31.8147883,1730–2230,,,,,,,
337,臺南市,大內夜市,120.2629789,23.01896761,,,1700–2230,,,1700–2230,,
338,臺南市,漚汪夜市,,,,,,,1600–2130,,,
339,臺南市,蚵寮夜市,135.8138619,34.9702941,,,,1730–2330,,,,
340,臺南市,北門夜市,135.7501274,35.0148633,,,,1700–2230,,,,
341,臺南市,三寮灣夜市,,,,,,,1700–2230,,,
342,高雄市,六合觀光夜市,120.3000477,22.6324136,1700–0200,1700–0200,1700–0200,1700–0200,1700–0200,1700–0200,1700–0200,
343,高雄市,南華夜市,135.7565522,35.0047265,1200–2200,1200–2200,1200–2200,1200–2200,1200–2200,1200–2200,1200–2200,
344,高雄市,前鎮夜市,120.3175184,22.58124,1630–0130,1630–0130,1630–0130,1630–0130,1630–0130,1630–0130,1630–0130,
345,高雄市,光華夜市,"120.3182190009009,120.3182190009009","22.6163637009009,22.617264601801804",1700–0100,1700–0100,1700–0100,1700–0100,1700–0100,1700–0100,1700–0100,
346,高雄市,佛公夜市,120.3137068,22.6549829,,,1800–2100,,,,,
347,高雄市,德昌夜市,135.7565522,35.0047265,,1500–0000,,1500–0000,,,,
348,高雄市,崗山南夜市,117.1944915,36.6421611,1700–0000,,,,1700–0000,1700–0000,,
349,高雄市,苓雅夜市,135.7685934,34.9796406,1700–0100,1700–0100,1700–0100,1700–0100,1700–0100,1700–0100,1700–0100,
350,高雄市,忠孝夜市,120.3185348,22.610385,1700–0100,1700–0100,1700–0100,1700–0100,1700–0100,1700–0100,1700–0100,
351,高雄市,漢民夜市,,,,1800–0000,1800–0000,,1800–0000,1800–0000,1800–0000,
352,高雄市,二苓夜市,120.3463987,22.564856,,,,,1800–2230,,,
353,高雄市,桂林夜市,135.7565522,35.0047265,1800–2300,,,,,,,
354,高雄市,鋼平夜市,135.7557416,35.0035666,,,,,,1700–2200,,
355,高雄市,高松夜市,135.756109,35.0098602,,,,,,,,
356,高雄市,三民街夜市,120.29726,22.64192,1000–0000,1000–0000,1000–0000,1000–0000,1000–0000,1000–0000,1000–0000,
357,高雄市,吉林夜市,120.361164,22.5327041,1500–0100,1500–0100,1500–0100,1500–0100,1500–0100,1500–0100,1500–0100,
358,高雄市,鳳山中山路夜市,120.3477222,22.6252477,1800–0000,1800–0000,1800–0000,1800–0000,1800–0000,1800–0000,1800–0000,
359,高雄市,五甲夜市,120.3416964,22.5991575,1800–2300,1800–2300,1800–2300,1800–2300,1800–2300,1800–2300,1800–2300,
360,高雄市,興中夜市,120.3462608,22.5663187,1600–0130,1600–0130,1600–0130,1600–0130,1600–0130,1600–0130,1600–0130,
361,高雄市,三民街夜市,120.29726,22.64192,1000–0000,1000–0000,1000–0000,1000–0000,1000–0000,1000–0000,1000–0000,
362,高雄市,鳳山中山路夜市,120.3477222,22.6252477,1800–0000,1800–0000,1800–0000,1800–0000,1800–0000,1800–0000,1800–0000,
363,高雄市,海洋夜市,120.2898447,22.6879588,,,,1700–2300,,,,
364,高雄市,大明夜市,120.3419899,22.6062437,,1700–2330,,,,,,
365,高雄市,開漳聖王廟夜市,135.7565522,35.0047265,,1730–0000,,,,,,
366,高雄市,國光路夜市,120.3495148,22.6202944,1800–2200,,,,,,,
367,高雄市,中華街夜市,120.3562787,22.6279272,0800–0000,0800–0000,0800–0000,0800–0000,0800–0000,0800–0000,0800–0000,
368,高雄市,南光街夜市,135.7565522,35.0047265,,,,,,1800–2300,,
369,高雄市,會社88夜市,,,,,,,,0700–1700,0700–1700,
370,高雄市,翁公園迷你小夜市,,,,,1800–2200,,,,,
371,高雄市,林園夜市,120.3971654,22.5018805,,1800–2300,,,1800–2300,,,
372,高雄市,鳥松夜市,135.7455974,35.0243958,,1600–2230,,,,,,
373,高雄市,仁武夜市,135.7710755,34.968735,,1800–2300,,,1800–2300,,,
374,高雄市,仁雄夜市,120.3462608,22.5663187,,,,,,,1700–2300,
375,高雄市,後勁夜市,120.3117347,22.7200491,,,,,1700–0000,1700–0000,,
376,高雄市,楠都夜市,135.7464256,34.9766626,,,,,,,1800–2300,
377,高雄市,土庫夜市,120.3941072,23.67753356,,,,1600–0000,,,,
378,高雄市,大社夜市,135.760637,35.0304815,,,1700–2230,,,1700–2230,,
379,高雄市,旗山夜市,136.7800886,35.4568784,,1700–2200,,,,1700–2200,,
380,高雄市,美濃夜市,120.538376,22.9058222,,,,,1700–2330,,,
381,高雄市,橋頭星期一夜市,,,1800–2300,,,,,,,
382,高雄市,橋頭星期六夜市,,,,,,,,1800–2300,,
383,高雄市,蚵仔寮海邊夜市,,,,,,1730–2330,,,,
384,高雄市,智蚵夜市,120.3012914,22.7083228,,,,,,,1630–2230,
385,高雄市,五里林夜市,,,,,,1730–2300,,,,
386,高雄市,九甲圍夜市,,,,,,,1730–2300,,,
387,高雄市,岡山中山夜市,120.2983088,22.79503028,1700–0000,,,,1700–0000,1700–0000,,
388,高雄市,岡山後紅夜市,,,,,,1730–2200,,,,
389,高雄市,路竹夜市,120.2633848,22.85367453,,,1800–2330,,1800–2330,1800–2330,,
390,高雄市,燕巢夜市,135.7565522,35.0047265,,1700–2300,,,,1700–2300,,
391,高雄市,湖內大湖夜市,120.2268739,22.9074423,,,,1700–0000,,,1700–0000,
392,高雄市,湖內圍仔內夜市,,,,1645–2200,,,1645–2200,,,
393,高雄市,永安夜市,120.5432698,24.08927906,,1630–2100,,,,,,
394,高雄市,阿蓮夜市,,,,,,1630–2100,,,,
395,高雄市,茄萣夜市,135.7538858,34.9879537,,,,1700–2300,,,,
396,高雄市,大樹夜市,135.7679647,34.9912,,,1700–2230,,,,,
397,高雄市,九曲堂週二夜市,,,,1630–2230,,,,,,
398,高雄市,九曲堂週六夜市,,,,,,,,1700–2200,,
399,高雄市,瑞豐夜市,120.2993655,22.6662453,,1700–0000,,1700–0000,1700–0000,1700–0000,1700–0000,
400,高雄市,喜峰街夜市,120.3491713,22.6249609,1700–0100,1700–0100,1700–0100,1700–0100,1700–0100,1700–0100,1700–0100,
401,高雄市,駁二夜市,,,,,,,,1700–2300,,
402,高雄市,內惟夜市,120.2808644,22.66015012,,,1800–2330,,,,1800–2330,
403,高雄市,牛潮埔夜市,135.7565522,35.0047265,,,1700–2200,,,,,
404,高雄市,鳳山青年夜市,120.3527019,22.60970132,1800–2330,,,1800–2330,1800–2330,1800–2330,1800–2330,
405,高雄市,南江街夜市,135.7565522,35.0047265,,,,,,1800–2300,,
406,高雄市,橋頭菁埔廣場夜市,,,1800–2300,,,,,1800–2300,,
407,高雄市,湖內大廟夜市,135.7565522,35.0047265,,1645–2200,,,1645–2200,,,
408,屏東縣,墾丁大街,120.7989736,21.9450865,1730–2230,1730–2230,1730–2230,1730–2230,1730–2230,1730–2230,1730–2230,
409,屏東縣,恆春夜市,,,,,,,,,1800–0000,
410,屏東縣,潮州愛國夜市,,,1600–0000,,,,1600–0000,,,
411,屏東縣,潮州中洲夜市,,,1700–0000,,,,1700–0000,,,
412,屏東縣,潮州愛國夜市,,,1600–0000,,,,1600–0000,,,
413,屏東縣,萬丹夜市,120.4902556,22.59343634,,,,,,,1800–2330,
414,屏東縣,社皮夜市,120.4722868,22.61617248,,,1800–2300,,,,,
415,屏東縣,新庄夜市,113.2094805,33.7795245,,,,,1700–2200,,,
416,屏東縣,新園夜市,135.748799,35.0120837,,,,,1730–0000,,1730–0000,
417,屏東縣,東港夜市,"120.4596637018018,120.4587628009009,120.4587628009009","22.469413401801805,22.47121520360361,22.47211610450451",,,1700–0000,,,1700–0000,,
418,屏東縣,高樹夜市,133.4105629,34.5031986,,,1700–0100,,,1700–0100,,
419,屏東縣,水底寮夜市,,,,,,1800–2300,,,,
420,屏東縣,林邊夜市,136.767994,35.416946,,,,,1700–0000,,,
421,屏東縣,繁華夜市,139.6351435,35.4759465,1700–2200,,,,,,,
422,屏東縣,里港夜市,137.0212242,36.7465904,,,,1700–2230,,,1700–2230,
423,屏東縣,石光見夜市,116.8829159,23.736172,,,,,,1700–2200,,
424,屏東縣,鹽埔夜市,137.016371,36.7460477,,,,,1700–2200,,,
425,屏東縣,新圍夜市,116.6196118,40.3150227,,,,,1700–2200,,,
426,屏東縣,長治夜市,135.1280753,34.647402,,1700–2130,,1700–2130,,,,
427,屏東縣,西勢夜市,120.4583409,22.6458633,,,1500–2330,,,1500–2330,,
428,屏東縣,水門夜市,135.5637963,34.6868085,,,,,,1730–2230,,
429,屏東縣,隘寮夜市,132.778629,33.849562,,1600–2330,,,,,,
430,屏東縣,九如夜市,,,1700–2300,,,,1700–2300,,,
431,屏東縣,西勢夜市,120.4583409,22.6458633,,,1500–2330,,,1500–2330,,
432,屏東縣,水門夜市,135.5637963,34.6868085,,,,,,1730–2230,,
433,屏東縣,隘寮夜市,132.778629,33.849562,,1600–2330,,,,,,
434,屏東縣,龍泉夜市,136.9833855,35.2199444,,,,,,,1700–2230,
435,屏東縣,老埤夜市,,,,1700–2130,,,,,,
436,屏東縣,楓港夜市,112.1980548,22.6961537,,,,,1800–2100,,,
437,屏東縣,餉潭夜市,139.9197464,35.7145034,,1600–2200,,,1600–2200,,,
438,屏東縣,七佳夜市,,,1700–2200,,,,,,,
439,屏東縣,望嘉夜市,116.6241237,40.3332266,,,,,1700–2200,,,
440,屏東縣,佳佐夜市,130.3015428,33.3070178,,,1630–2130,,,,,
441,屏東縣,麟洛夜市,,,,,,1700–2100,,,,
442,屏東縣,竹田夜市,,,,,1500–2330,,,1500–2330,,
443,屏東縣,萬巒夜市,,,,,,,1800–2300,,,
444,屏東縣,內埔夜市,,,,,,,,1730–223,,
445,花蓮縣,花蓮東大門國際觀光夜市,,,1730–2230,1730–2230,1730–2230,1730–2230,1730–2230,1730–2230,1730–2230,
446,花蓮縣,北埔廟口夜市,,,1700–2230,1700–2230,1700–2230,1700–2230,1700–2230,1700–2230,1700–2230,
447,花蓮縣,崇德夜市,,,1800–2200,,,,,,,
448,花蓮縣,富里夜市,121.0922575,24.9327485,1800–2130,,,,,,,
449,花蓮縣,北埔夜市,135.7379567,34.984768,1800–2230,,,1800–2230,,,,
450,花蓮縣,南埔夜市,121.591631,23.96099528,,1800–2200,,,,,,
451,花蓮縣,瑞穗夜市,,,,1800–2200,,,,,,
452,花蓮縣,壽豐夜市,,,,,1700–0000,,,,,
453,花蓮縣,志學夜市,119.0933833,29.116411,,,1800–2230,1800–2230,,,,
454,花蓮縣,太昌夜市,121.6407665,23.9985742,,,,1800–2230,,,,
455,花蓮縣,富源夜市,137.345798,36.770324,,,,1800–2130,,,,
456,花蓮縣,新城夜市,115.9976464,28.5485654,,,,,1800–2300,,1800–2300,
457,花蓮縣,玉里夜市,113.3795027,33.615171,,,,,1800–2200,,,
458,花蓮縣,林榮夜市,,,,,,,1800–2200,,,
459,花蓮縣,美崙夜市,121.6286409,24.0141806,,,,,,1800–2230,,
460,花蓮縣,鳳林夜市,121.4505886,23.74584333,,,,,,1800–2230,,
461,花蓮縣,光復夜市,139.6364375,35.4484915,,,,,,,1800–2230,
462,花蓮縣,豐濱夜市,,,,,,,,,1800–2130,
463,花蓮縣,太魯閣夜市,,,,,1800–2200,,,,,
464,臺東縣,臺東觀光夜市,121.1477886,22.7562893,,,1800–2300,1800–2300,1800–2300,1800–2300,,
465,臺東縣,四維夜市,121.15606,22.75764,,,,,,,1800–0000,
466,臺東縣,知本夜市,140.8837094,38.2610639,,,,,1730–2230,,,
467,臺東縣,太平夜市,116.6339219,40.3236154,,,,,,1800–2200,,
468,臺東縣,太麻里夜市,,,,1800–2200,,,,,,
469,臺東縣,金崙夜市,139.6282614,35.4403288,,,,,,1800–2200,,
470,臺東縣,大武夜市,134.238765,35.4979949,,,1800–2130,,,,,
471,臺東縣,池上夜市,121.2202921,23.1241045,,,1800–2200,,,1800–2200,,
472,臺東縣,關山夜市,135.7835779,34.9349499,,,,1800–2200,,,,
473,臺東縣,長濱夜市,120.3944052,24.0617836,,1800–2100,,,,,,
474,臺東縣,桃源夜市,121.2421421,24.9828995,,,,1800–2100,,,,
475,臺東縣,新港夜市,119.8998671,32.2405319,1800–2200,,,1800–2200,,,,
476,臺東縣,東清夜市,121.5651961,22.0577834,1830–2200,1830–2200,1830–2200,1830–2200,1830–2200,1830–2200,1830–2200,
477,澎湖縣,西文祖師廟夜市,135.7709473,35.0105121,1700–2300,1700–2300,1700–2300,1700–2300,1700–2300,1700–2300,1700–2300,
478,澎湖縣,北甲宮夜市,135.7515089,35.0166427,1600–2359,1600–2359,1600–2359,1600–2359,1600–2359,1600–2359,1600–2359,
479,澎湖縣,馬公夜市,,,1700–2300,1700–2300,1700–2300,1700–2300,1700–2300,1700–2300,1700–2300,
480,金門縣,金門體育館夜市,,,,,,,,,,不定期
481,金門縣,金門救國團夜市,130.3162056,33.3301674,,,,,,,,不定期
482,連江縣,馬港觀光夜市,,,1700–2300,1700–2300,1700–2300,1700–2300,1700–2300,1700–2300,1700–2300,
